{"cameraMode":{"drawMode":0,"name":"Shaded","section":"Shading Mode"},"sceneLighting":true,"audioPlay":false,"sceneViewState":{"showFog":true,"showMaterialUpdate":false,"showSkybox":true,"showFlares":true,"showImageEffects":true,"showParticleSystems":true},"in2DMode":false,"pivot":{"x":0.05111372470855713,"y":1.0528888702392579,"z":-1.5566846132278443},"rotation":{"x":-0.4180848002433777,"y":0.04872899129986763,"z":-0.022485509514808656,"w":-0.9068213701248169},"size":10.282665252685547,"orthographic":true}