{"cameraMode":{"drawMode":0,"name":"Shaded","section":"Shading Mode"},"sceneLighting":true,"audioPlay":false,"sceneViewState":{"showFog":true,"showMaterialUpdate":false,"showSkybox":true,"showFlares":true,"showImageEffects":true,"showParticleSystems":true},"in2DMode":false,"pivot":{"x":373.22454833984377,"y":53.89527893066406,"z":7.4713616371154789},"rotation":{"x":-0.06295479834079743,"y":0.010171464644372464,"z":-0.0006553273415192962,"w":-0.9979643821716309},"size":806.7764282226563,"orthographic":true}