{"cameraMode":{"drawMode":0,"name":"Shaded","section":"Shading Mode"},"sceneLighting":false,"audioPlay":false,"sceneViewState":{"showFog":true,"showMaterialUpdate":false,"showSkybox":true,"showFlares":true,"showImageEffects":true,"showParticleSystems":true},"in2DMode":false,"pivot":{"x":-1.8799998760223389,"y":0.7986066937446594,"z":-0.004794716835021973},"rotation":{"x":-0.24326710402965547,"y":-0.10450834780931473,"z":0.02637443132698536,"w":-0.9639520645141602},"size":3.8332388401031496,"orthographic":true}