{"cameraMode":{"drawMode":0,"name":"Shaded","section":"Shading Mode"},"sceneLighting":true,"audioPlay":false,"sceneViewState":{"showFog":true,"showMaterialUpdate":false,"showSkybox":true,"showFlares":true,"showImageEffects":true,"showParticleSystems":true},"in2DMode":false,"pivot":{"x":2.7681140899658205,"y":-0.7495384216308594,"z":37.33329772949219},"rotation":{"x":0.30266907811164858,"y":0.1823703944683075,"z":-0.05912405624985695,"w":0.9336149096488953},"size":110.42071533203125,"orthographic":false}