{"cameraMode":{"drawMode":0,"name":"Shaded","section":"Shading Mode"},"sceneLighting":false,"audioPlay":false,"sceneViewState":{"showFog":true,"showMaterialUpdate":false,"showSkybox":true,"showFlares":true,"showImageEffects":true,"showParticleSystems":true},"in2DMode":false,"pivot":{"x":4.480000019073486,"y":0.5,"z":-10.890000343322754},"rotation":{"x":0.06823363900184632,"y":-0.05683591589331627,"z":0.0038934089243412019,"w":0.9960415363311768},"size":2.8578836917877199,"orthographic":true}