{"cameraMode":{"drawMode":0,"name":"Shaded","section":"Shading Mode"},"sceneLighting":true,"audioPlay":false,"sceneViewState":{"showFog":true,"showMaterialUpdate":false,"showSkybox":true,"showFlares":true,"showImageEffects":true,"showParticleSystems":true},"in2DMode":false,"pivot":{"x":29.162673950195314,"y":-2.6333158016204836,"z":32.902008056640628},"rotation":{"x":-0.529891848564148,"y":-0.03131252899765968,"z":0.019522270187735559,"w":-0.8472621440887451},"size":190.66497802734376,"orthographic":true}