{"cameraMode":{"drawMode":0,"name":"Shaded","section":"Shading Mode"},"sceneLighting":true,"audioPlay":false,"sceneViewState":{"showFog":true,"showMaterialUpdate":false,"showSkybox":true,"showFlares":true,"showImageEffects":true,"showParticleSystems":true},"in2DMode":false,"pivot":{"x":-3.502516508102417,"y":0.8626416325569153,"z":-37.932228088378909},"rotation":{"x":-0.5309553742408752,"y":0.029229316860437394,"z":-0.018327705562114717,"w":-0.846697211265564},"size":37.45526885986328,"orthographic":true}