{"cameraMode":{"drawMode":0,"name":"Shaded","section":"Shading Mode"},"sceneLighting":true,"audioPlay":false,"sceneViewState":{"showFog":true,"showMaterialUpdate":false,"showSkybox":true,"showFlares":true,"showImageEffects":true,"showParticleSystems":true},"in2DMode":false,"pivot":{"x":-3.311239004135132,"y":1.0914943218231202,"z":-34.93528747558594},"rotation":{"x":-0.28321370482444765,"y":-0.05893002077937126,"z":0.017438393086194993,"w":-0.9570857882499695},"size":11.10581111907959,"orthographic":true}