{"cameraMode":{"drawMode":0,"name":"Shaded","section":"Shading Mode"},"sceneLighting":false,"audioPlay":false,"sceneViewState":{"showFog":true,"showMaterialUpdate":false,"showSkybox":true,"showFlares":true,"showImageEffects":true,"showParticleSystems":true},"in2DMode":false,"pivot":{"x":1.1920928955078126e-7,"y":0.8664481043815613,"z":-0.32435235381126406},"rotation":{"x":-0.24326710402965547,"y":-0.10450834780931473,"z":0.02637443132698536,"w":-0.9639520645141602},"size":4.394057750701904,"orthographic":true}