{"cameraMode":{"drawMode":0,"name":"Shaded","section":"Shading Mode"},"sceneLighting":false,"audioPlay":false,"sceneViewState":{"showFog":true,"showMaterialUpdate":false,"showSkybox":true,"showFlares":true,"showImageEffects":true,"showParticleSystems":true},"in2DMode":false,"pivot":{"x":2.7239999771118166,"y":2.7679998874664308,"z":-12.283203125},"rotation":{"x":0.2141878455877304,"y":-0.03486606106162071,"z":0.007651003077626228,"w":0.976140022277832},"size":0.5770071744918823,"orthographic":true}