{"cameraMode":{"drawMode":0,"name":"Shaded","section":"Shading Mode"},"sceneLighting":true,"audioPlay":false,"sceneViewState":{"showFog":true,"showMaterialUpdate":false,"showSkybox":true,"showFlares":true,"showImageEffects":true,"showParticleSystems":true},"in2DMode":false,"pivot":{"x":2.6695730686187746,"y":-11.3076810836792,"z":21.33118438720703},"rotation":{"x":-0.2545359134674072,"y":-0.43888041377067568,"z":0.13114601373672486,"w":-0.8517019748687744},"size":1240.2098388671875,"orthographic":true}