{"cameraMode":{"drawMode":0,"name":"Shaded","section":"Shading Mode"},"sceneLighting":true,"audioPlay":false,"sceneViewState":{"showFog":true,"showMaterialUpdate":false,"showSkybox":true,"showFlares":true,"showImageEffects":true,"showParticleSystems":true},"in2DMode":false,"pivot":{"x":3.890383005142212,"y":179.33633422851563,"z":-69.59098815917969},"rotation":{"x":-0.5609182119369507,"y":0.0034608638379722835,"z":-0.0023661991581320764,"w":-0.8278606534004211},"size":106.28654479980469,"orthographic":true}