{"cameraMode":{"drawMode":0,"name":"Shaded","section":"Shading Mode"},"sceneLighting":true,"audioPlay":false,"sceneViewState":{"showFog":true,"showMaterialUpdate":false,"showSkybox":true,"showFlares":true,"showImageEffects":true,"showParticleSystems":true},"in2DMode":false,"pivot":{"x":395.85748291015627,"y":38.12129592895508,"z":0.0},"rotation":{"x":-0.06444665789604187,"y":0.016158053651452066,"z":-0.001059222500771284,"w":-0.9977898001670837},"size":420.8885192871094,"orthographic":true}