{"cameraMode":{"drawMode":0,"name":"Shaded","section":"Shading Mode"},"sceneLighting":true,"audioPlay":false,"sceneViewState":{"showFog":true,"showMaterialUpdate":false,"showSkybox":true,"showFlares":true,"showImageEffects":true,"showParticleSystems":true},"in2DMode":false,"pivot":{"x":3.880000114440918,"y":10.0,"z":-52.130001068115237},"rotation":{"x":-0.5131737589836121,"y":0.05244356021285057,"z":-0.031456660479307178,"w":-0.8561033010482788},"size":57.01375198364258,"orthographic":true}