{"cameraMode":{"drawMode":0,"name":"Shaded","section":"Shading Mode"},"sceneLighting":true,"audioPlay":false,"sceneViewState":{"showFog":true,"showMaterialUpdate":false,"showSkybox":true,"showFlares":true,"showImageEffects":true,"showParticleSystems":true},"in2DMode":false,"pivot":{"x":4.5665283203125,"y":3.52734375,"z":-12.091796875},"rotation":{"x":0.2141878604888916,"y":-0.03486606478691101,"z":0.007651003543287516,"w":0.9761400818824768},"size":12.340855598449707,"orthographic":true}