{"cameraMode":{"drawMode":0,"name":"Shaded","section":"Shading Mode"},"sceneLighting":false,"audioPlay":false,"sceneViewState":{"showFog":true,"showMaterialUpdate":false,"showSkybox":true,"showFlares":true,"showImageEffects":true,"showParticleSystems":true},"in2DMode":false,"pivot":{"x":391.5,"y":194.77554321289063,"z":-30.60333251953125},"rotation":{"x":0.0038930540904402735,"y":-0.05457833409309387,"z":-0.00022049965627957135,"w":-0.9985018968582153},"size":2206.609375,"orthographic":true}