{"cameraMode":{"drawMode":0,"name":"Shaded","section":"Shading Mode"},"sceneLighting":true,"audioPlay":false,"sceneViewState":{"showFog":true,"showMaterialUpdate":false,"showSkybox":true,"showFlares":true,"showImageEffects":true,"showParticleSystems":true},"in2DMode":false,"pivot":{"x":-5.827474594116211,"y":1.025091290473938,"z":8.95319938659668},"rotation":{"x":-0.4197081923484802,"y":0.07474689930677414,"z":-0.034706756472587588,"w":-0.9039100408554077},"size":7.243557453155518,"orthographic":true}