{"cameraMode":{"drawMode":0,"name":"Shaded","section":"Shading Mode"},"sceneLighting":true,"audioPlay":false,"sceneViewState":{"showFog":true,"showMaterialUpdate":false,"showSkybox":true,"showFlares":true,"showImageEffects":true,"showParticleSystems":true},"in2DMode":false,"pivot":{"x":-17.01611328125,"y":4.44384765625,"z":-4.677734375},"rotation":{"x":0.16806624829769135,"y":0.13117603957653047,"z":-0.0225710216909647,"w":0.9767482280731201},"size":37.06255340576172,"orthographic":true}