{"cameraMode":{"drawMode":0,"name":"Shaded","section":"Shading Mode"},"sceneLighting":true,"audioPlay":false,"sceneViewState":{"showFog":true,"showMaterialUpdate":false,"showSkybox":true,"showFlares":true,"showImageEffects":true,"showParticleSystems":true},"in2DMode":false,"pivot":{"x":-0.18535161018371583,"y":1.7188618183135987,"z":-3.319258689880371},"rotation":{"x":-0.002998190699145198,"y":0.034492913633584979,"z":-0.00010348939395043999,"w":-0.9994004964828491},"size":8.555333137512207,"orthographic":true}