{"cameraMode":{"drawMode":0,"name":"Shaded","section":"Shading Mode"},"sceneLighting":true,"audioPlay":false,"sceneViewState":{"showFog":true,"showMaterialUpdate":false,"showSkybox":true,"showFlares":true,"showImageEffects":true,"showParticleSystems":true},"in2DMode":false,"pivot":{"x":307.0030517578125,"y":53.347816467285159,"z":-9.40625},"rotation":{"x":-0.04647296667098999,"y":-0.02097591571509838,"z":0.0009760736720636487,"w":-0.9986988306045532},"size":593.8680419921875,"orthographic":true}