{"cameraMode":{"drawMode":0,"name":"Shaded","section":"Shading Mode"},"sceneLighting":true,"audioPlay":false,"sceneViewState":{"showFog":true,"showMaterialUpdate":false,"showSkybox":true,"showFlares":true,"showImageEffects":true,"showParticleSystems":true},"in2DMode":false,"pivot":{"x":-29.999996185302736,"y":0.0,"z":-0.00000286102294921875},"rotation":{"x":0.11148763447999954,"y":0.11658928543329239,"z":-0.01317195501178503,"w":0.9868150949478149},"size":23.461965560913087,"orthographic":true}