{"cameraMode":{"drawMode":0,"name":"Shaded","section":"Shading Mode"},"sceneLighting":true,"audioPlay":false,"sceneViewState":{"showFog":true,"showMaterialUpdate":false,"showSkybox":true,"showFlares":true,"showImageEffects":true,"showParticleSystems":true},"in2DMode":false,"pivot":{"x":1.493462324142456,"y":10.778061866760254,"z":2.093841075897217},"rotation":{"x":0.8116986751556397,"y":-0.005256542935967445,"z":0.007307656574994326,"w":0.5840070247650147},"size":509.6225891113281,"orthographic":true}