{"cameraMode":{"drawMode":0,"name":"Shaded","section":"Shading Mode"},"sceneLighting":true,"audioPlay":false,"sceneViewState":{"showFog":true,"showMaterialUpdate":false,"showSkybox":true,"showFlares":true,"showImageEffects":true,"showParticleSystems":true},"in2DMode":false,"pivot":{"x":7.26119327545166,"y":1.5972133874893189,"z":-3.3268580436706545},"rotation":{"x":-0.002998190699145198,"y":0.034492913633584979,"z":-0.00010348939395043999,"w":-0.9994004964828491},"size":9.415986061096192,"orthographic":true}