{"cameraMode":{"drawMode":0,"name":"Shaded","section":"Shading Mode"},"sceneLighting":true,"audioPlay":false,"sceneViewState":{"showFog":true,"showMaterialUpdate":false,"showSkybox":true,"showFlares":true,"showImageEffects":true,"showParticleSystems":true},"in2DMode":false,"pivot":{"x":3.14453125,"y":1.7392539978027344,"z":0.6104736328125},"rotation":{"x":-0.00028905918588861823,"y":0.04498318210244179,"z":0.00001433948000340024,"w":0.9989877939224243},"size":5.902998924255371,"orthographic":true}