{"cameraMode":{"drawMode":0,"name":"Shaded","section":"Shading Mode"},"sceneLighting":false,"audioPlay":false,"sceneViewState":{"showFog":true,"showMaterialUpdate":false,"showSkybox":true,"showFlares":true,"showImageEffects":true,"showParticleSystems":true},"in2DMode":false,"pivot":{"x":1.850000262260437,"y":0.8602890968322754,"z":-0.1626042127609253},"rotation":{"x":0.18895523250102998,"y":-0.12628692388534547,"z":0.024512916803359987,"w":0.9735228419303894},"size":4.1848931312561039,"orthographic":true}